{
  "hash": "1f85a2b1",
  "configHash": "fa8d77ea",
  "lockfileHash": "f66a22d4",
  "browserHash": "b4c5bd36",
  "optimized": {
    "@angular/core": {
      "src": "../../../../../node_modules/@angular/core/fesm2022/core.mjs",
      "file": "@angular_core.js",
      "fileHash": "aa75ad74",
      "needsInterop": false
    },
    "@angular/platform-browser": {
      "src": "../../../../../node_modules/@angular/platform-browser/fesm2022/platform-browser.mjs",
      "file": "@angular_platform-browser.js",
      "fileHash": "542e4e6f",
      "needsInterop": false
    },
    "@angular/router": {
      "src": "../../../../../node_modules/@angular/router/fesm2022/router.mjs",
      "file": "@angular_router.js",
      "fileHash": "4f0e77c0",
      "needsInterop": false
    },
    "@angular/common": {
      "src": "../../../../../node_modules/@angular/common/fesm2022/common.mjs",
      "file": "@angular_common.js",
      "fileHash": "3b4a3b18",
      "needsInterop": false
    }
  },
  "chunks": {
    "chunk-DT3TL7LG": {
      "file": "chunk-DT3TL7LG.js"
    },
    "chunk-7NSHSUPE": {
      "file": "chunk-7NSHSUPE.js"
    },
    "chunk-YW2JQ5US": {
      "file": "chunk-YW2JQ5US.js"
    }
  }
}